Plant,Vendor No.,Vendor Name,PO No,PO date,TPN,Description,Qty Invoiced, PO Unit Price ,Inv/Challan Number,Inv/Challan Date, Shipment Value ,Shipment Pick up date
1035,300079,PRO INNOVATIVE TECHNOLOGIES PVT LTD,1101400425,28-Nov-14,170-PCA000002-E,FTU,29,567.45,90,2-Dec-14,18491,2-Dec-14
1035,300079,PRO INNOVATIVE TECHNOLOGIES PVT LTD,1101400433,5-Dec-14,170-PCA000003-E,OAM,11,921.72,95,5-Dec-14,11392,5-Dec-14
1035,300079,PRO INNOVATIVE TECHNOLOGIES PVT LTD,1101400433,5-Dec-14,170-PCA000003-E,OAM,24,921.72,97,6-Dec-14,24856,6-Dec-14
1035,300079,PRO INNOVATIVE TECHNOLOGIES PVT LTD,1101400433,5-Dec-14,170-PCA000003-E,OAM,17,921.72,100,8-Dec-14,17606,8-Dec-14
1035,300079,PRO INNOVATIVE TECHNOLOGIES PVT LTD,1101400434,8-Dec-14,170-PCA000084-E,PFU3,40,717.96,101,8-Dec-14,32267,8-Dec-14
1035,300079,PRO INNOVATIVE TECHNOLOGIES PVT LTD,1101400434,8-Dec-14,170-PCA000084-E,PFU3,18,717.96,102,9-Dec-14,20734,9-Dec-14
1035,300079,PRO INNOVATIVE TECHNOLOGIES PVT LTD,1101400433,5-Dec-14,170-PCA000003-E,OAM,6,921.72,102,9-Dec-14,20734,9-Dec-14
1035,300079,PRO INNOVATIVE TECHNOLOGIES PVT LTD,1101400433,5-Dec-14,170-PCA000003-E,OAM,9,921.72,104,10-Dec-14,35941,10-Dec-14
1035,300079,PRO INNOVATIVE TECHNOLOGIES PVT LTD,1101400434,8-Dec-14,170-PCA000084-E,PFU3,33,717.96,104,10-Dec-14,35941,10-Dec-14
1035,300079,PRO INNOVATIVE TECHNOLOGIES PVT LTD,1101400434,8-Dec-14,170-PCA000084-E,PFU3,37,717.96,105,11-Dec-14,29849,11-Dec-14
1035,300079,PRO INNOVATIVE TECHNOLOGIES PVT LTD,1101400433,5-Dec-14,170-PCA000003-E,OAM,58,921.72,107,15-Dec-14,60067,16-Dec-14
1035,300079,PRO INNOVATIVE TECHNOLOGIES PVT LTD,1101400433,5-Dec-14,170-PCA000003-E,OAM,10,921.72,111,19-Dec-14,95776,19-Dec-14
1035,300079,PRO INNOVATIVE TECHNOLOGIES PVT LTD,1101400434,8-Dec-14,170-PCA000084-E,PFU3,34,717.96,111,19-Dec-14,95776,19-Dec-14
1035,300079,PRO INNOVATIVE TECHNOLOGIES PVT LTD,1101400437,11-Dec-14,170-PCA000256-E,OFA,43,1200.29,111,19-Dec-14,95776,19-Dec-14
1035,300079,PRO INNOVATIVE TECHNOLOGIES PVT LTD,1101400425,28-Nov-14,170-PCA000002-E,FTU,35,567.45,117,24-Dec-14,45243,24-Dec-14
1035,300079,PRO INNOVATIVE TECHNOLOGIES PVT LTD,1101400437,11-Dec-14,170-PCA000256-E,OFA,17,1200.29,117,24-Dec-14,45243,24-Dec-14
1035,300079,PRO INNOVATIVE TECHNOLOGIES PVT LTD,1101400434,8-Dec-14,170-PCA000084-E,PFU3,12,717.96,119,26-Dec-14,28810,26-Dec-14
1035,300079,PRO INNOVATIVE TECHNOLOGIES PVT LTD,1101400425,28-Nov-14,170-PCA000002-E,FTU,30,567.45,119,26-Dec-14,28810,26-Dec-14
1035,300079,PRO INNOVATIVE TECHNOLOGIES PVT LTD,1101400434,8-Dec-14,170-PCA000084-E,PFU3,2,717.96,125,31-Dec-14,1613,31-Dec-14
1035,300079,PRO INNOVATIVE TECHNOLOGIES PVT LTD,1101400448,24-Dec-14,104-PCA000001-E,Cap panel,47,111.21,126,31-Dec-14,5873,31-Dec-14
1035,300079,PRO INNOVATIVE TECHNOLOGIES PVT LTD,1101400437,11-Dec-14,170-PCA000256-E,OFA,25,1200.29,127,31-Dec-14,33716,31-Dec-14
1035,300079,PRO INNOVATIVE TECHNOLOGIES PVT LTD,1101400456,31-Dec-14,130-PCA000207-E,Elan04,10,7934.49,130,31-Dec-14,89151,6-Mar-15
1035,300079,PRO INNOVATIVE TECHNOLOGIES PVT LTD,1101400456,31-Dec-14,130-PCA000207-E,Elan04,4,7934.49,132,31-Dec-14,35661,3-Jan-15
1035,300079,PRO INNOVATIVE TECHNOLOGIES PVT LTD,1101400437,11-Dec-14,170-PCA000256-E,OFA,14,1200.29,140,3-Jan-15,18880,3-Jan-15
1035,300079,PRO INNOVATIVE TECHNOLOGIES PVT LTD,1101400456,31-Dec-14,130-PCA000207-E,Elan04,5,7934.49,131,31-Dec-14,44576,7-Jan-15
1035,300079,PRO INNOVATIVE TECHNOLOGIES PVT LTD,1101400437,11-Dec-14,170-PCA000256-E,OFA,4,1200.29,145,7-Jan-15,5395,7-Jan-15
1035,300079,PRO INNOVATIVE TECHNOLOGIES PVT LTD,1101400458,31-Dec-14,103-PCA000027-E,PSU,25,442.23,133,31-Dec-14,12423,10-Jan-15
1035,300079,PRO INNOVATIVE TECHNOLOGIES PVT LTD,1101400458,31-Dec-14,103-PCA000027-E,PSU,25,442.23,137,31-Dec-14,12423,10-Jan-15
1035,300079,PRO INNOVATIVE TECHNOLOGIES PVT LTD,1101400458,31-Dec-14,103-PCA000027-E,PSU,58,442.23,150,10-Jan-15,28820,10-Jan-15
1035,300079,PRO INNOVATIVE TECHNOLOGIES PVT LTD,1101400456,31-Dec-14,130-PCA000207-E,Elan04,10,7934.49,129,31-Dec-14,89151,13-Jan-15
1035,300079,PRO INNOVATIVE TECHNOLOGIES PVT LTD,1101400456,31-Dec-14,130-PCA000207-E,Elan04,1,7934,159,19-Jan-15,8915,20-Jan-15
1035,300079,PRO INNOVATIVE TECHNOLOGIES PVT LTD,1101400437,11-Dec-14,170-PCA000256-E,OFA,4,1200.29,158,19-Jan-15,5395,20-Jan-15
1035,300079,PRO INNOVATIVE TECHNOLOGIES PVT LTD,1101400458,31-Dec-14,103-PCA000027-E,PSU,2,442.23,157,19-Jan-15,993,20-Jan-15
1035,300079,PRO INNOVATIVE TECHNOLOGIES PVT LTD,1101400459,31-Dec-14,141-PCA000002-E,ST63,15,1046.61,134,31-Dec-14,17640,20-Jan-15
1035,300079,PRO INNOVATIVE TECHNOLOGIES PVT LTD,1101400459,31-Dec-14,141-PCA000002-E,ST63,15,1046.61,135,31-Dec-14,17640,21-Jan-15
1035,300079,PRO INNOVATIVE TECHNOLOGIES PVT LTD,1101400459,31-Dec-14,141-PCA000002-E,ST63,7,1046.61,136,31-Dec-14,8232,21-Jan-15
1035,300079,PRO INNOVATIVE TECHNOLOGIES PVT LTD,1101400459,31-Dec-14,141-PCA000002-E,ST63,50,1046.61,166,22-Jan-15,58800,22-Jan-15
1035,300079,PRO INNOVATIVE TECHNOLOGIES PVT LTD,1101400459,31-Dec-14,141-PCA000002-E,ST63,70,1046.61,168,23-Jan-15,82319,23-Jan-15
1035,300079,PRO INNOVATIVE TECHNOLOGIES PVT LTD,1101400459,31-Dec-14,141-PCA000002-E,ST63,70,1046.61,170,24-Jan-15,82319,27-Jan-15
1035,300079,PRO INNOVATIVE TECHNOLOGIES PVT LTD,1101400459,31-Dec-14,141-PCA000002-E,ST63,100,1046.61,172,27-Jan-15,117597,27-Jan-15
1035,300079,PRO INNOVATIVE TECHNOLOGIES PVT LTD,1101400459,31-Dec-14,141-PCA000002-E,ST63,60,1046.61,174,28-Jan-15,70559,28-Jan-15
1035,300079,PRO INNOVATIVE TECHNOLOGIES PVT LTD,1101400459,31-Dec-14,141-PCA000002-E,ST63,70,1046.61,177,30-Jan-15,82319,30-Jan-15
1035,300079,PRO INNOVATIVE TECHNOLOGIES PVT LTD,1101400459,31-Dec-14,141-PCA000002-E,ST63,50,1046.61,181,2-Feb-15,58800,2-Feb-15
1035,300079,PRO INNOVATIVE TECHNOLOGIES PVT LTD,1101400459,31-Dec-14,141-PCA000002-E,ST63,9,1046.61,187,6-Feb-15,10583,7-Feb-15
1035,300079,PRO INNOVATIVE TECHNOLOGIES PVT LTD,1101400437,11-Dec-14,170-PCA000256-E,OFA,3,1200.29,186,6-Feb-15,4046,7-Feb-15
1035,300079,PRO INNOVATIVE TECHNOLOGIES PVT LTD,1101400459,31-Dec-14,141-PCA000002-E,ST63,40,1046.61,189,9-Feb-15,47038,7-Feb-15
1035,300079,PRO INNOVATIVE TECHNOLOGIES PVT LTD,1101400471,16-Jan-15,115-PCA000007-E,FTR,21,439.6,192,11-Feb-15,10373,11-Feb-15
1035,300079,PRO INNOVATIVE TECHNOLOGIES PVT LTD,1101400466,9-Jan-15,115-PCA000039-E,A162,50,1091.28,196,13-Feb-15,61308,13-Feb-15
1035,300079,PRO INNOVATIVE TECHNOLOGIES PVT LTD,1101400459,31-Dec-14,141-PCA000002-E,ST63,1,1046.64,199,16-Feb-15,38270,16-Feb-15
1035,300079,PRO INNOVATIVE TECHNOLOGIES PVT LTD,1101400466,9-Jan-15,115-PCA000039-E,A162,23,1091.28,199,16-Feb-15,,16-Feb-15
1035,300079,PRO INNOVATIVE TECHNOLOGIES PVT LTD,1101400471,16-Jan-15,115-PCA000007-E,FTR,18,439.6,199,16-Feb-15,,16-Feb-15
1035,300079,PRO INNOVATIVE TECHNOLOGIES PVT LTD,1101400518,16-Feb-15,141-PCA000024-E,Elan10,4,1852.22,202,18-Feb-15,13831,18-Feb-15
1035,300079,PRO INNOVATIVE TECHNOLOGIES PVT LTD,1101400498,5-Feb-15,104-PCA000002-E,CDP,30,73.51,202,18-Feb-15,,18-Feb-15
1035,300079,PRO INNOVATIVE TECHNOLOGIES PVT LTD,1101400472,16-Jan-15,115-PCA000037-E,PSM02,3,898.43,202,18-Feb-15,,18-Feb-15
1035,300079,PRO INNOVATIVE TECHNOLOGIES PVT LTD,1101400498,5-Feb-15,104-PCA000002-E,CDP,30,73.51,204,19-Feb-15,2478,19-Feb-15
1035,300079,PRO INNOVATIVE TECHNOLOGIES PVT LTD,1101400499,5-Feb-15,104-PCA000003-E,P02,100,298.16,205,20-Feb-15,33502,20-Feb-15
1035,300079,PRO INNOVATIVE TECHNOLOGIES PVT LTD,1101400472,16-Jan-15,115-PCA000037-E,PSM02,15,898.43,207,20-Feb-15,15141,20-Feb-15
1035,300079,PRO INNOVATIVE TECHNOLOGIES PVT LTD,1101400498,5-Feb-15,104-PCA000002-E,CDP,19,73.51,209,21-Feb-15,1570,22-Feb-15
1035,300079,PRO INNOVATIVE TECHNOLOGIES PVT LTD,1101400499,5-Feb-15,104-PCA000003-E,P02,140,298.16,210,21-Feb-15,46901,22-Feb-15
1035,300079,PRO INNOVATIVE TECHNOLOGIES PVT LTD,1101400499,5-Feb-15,104-PCA000003-E,P02,260,298.16,212,23-Feb-15,87104,23-Feb-15
1035,300079,PRO INNOVATIVE TECHNOLOGIES PVT LTD,1101400472,16-Jan-15,115-PCA000037-E,PSM02,8,898.43,213,23-Feb-15,8075,23-Feb-15
1035,300079,PRO INNOVATIVE TECHNOLOGIES PVT LTD,1101400472,16-Jan-15,115-PCA000037-E,PSM02,13,898.43,214,24-Feb-15,13124,24-Feb-15
1035,300079,PRO INNOVATIVE TECHNOLOGIES PVT LTD,1101400499,5-Feb-15,104-PCA000003-E,P02,100,298.16,215,24-Feb-15,33502,24-Feb-15
1035,300079,PRO INNOVATIVE TECHNOLOGIES PVT LTD,1101400499,5-Feb-15,104-PCA000003-E,P02,20,298.16,218,25-Feb-15,6700,25-Feb-15
1035,300079,PRO INNOVATIVE TECHNOLOGIES PVT LTD,1101400498,5-Feb-15,104-PCA000002-E,CDP,12,73.51,217,25-Feb-15,991,25-Feb-15
1035,300079,PRO INNOVATIVE TECHNOLOGIES PVT LTD,1101400500,5-Feb-15,104-PCA000004-E,PXAT,5,600.18,220,25-Feb-15,3372,25-Feb-15
1035,300079,PRO INNOVATIVE TECHNOLOGIES PVT LTD,1101400472,16-Jan-15,115-PCA000037-E,PSM02,1,898.43,219,25-Feb-15,1009,25-Feb-15
1035,300079,PRO INNOVATIVE TECHNOLOGIES PVT LTD,1101400457,31-Dec-14,115-PCA000084-E ,Elan 01,1,3255.84,216,24-Feb-15,3659,25-Feb-15
1035,300079,PRO INNOVATIVE TECHNOLOGIES PVT LTD,1101400500,5-Feb-15,104-PCA000004-E,PXAT,20,600.18,222,26-Feb-15,13487,27-Feb-15
1035,300079,PRO INNOVATIVE TECHNOLOGIES PVT LTD,1101400497,5-Feb-15,104-PCA000001-E,Cap panel,50,112.57,223,26-Feb-15,6325,27-Feb-15
1035,300079,PRO INNOVATIVE TECHNOLOGIES PVT LTD,1101400500,5-Feb-15,104-PCA000004-E,PXAT,18,600.18,224,27-Feb-15,12138,27-Feb-15
1035,300079,PRO INNOVATIVE TECHNOLOGIES PVT LTD,1101400500,5-Feb-15,104-PCA000004-E,PXAT,7,600.18,227,27-Feb-15,4720,28-Feb-15
1035,300079,PRO INNOVATIVE TECHNOLOGIES PVT LTD,1101400499,5-Feb-15,104-PCA000003-E,P02,27,298.16,228,27-Feb-15,9045,28-Feb-15
1035,300079,PRO INNOVATIVE TECHNOLOGIES PVT LTD,1101400500,5-Feb-15,104-PCA000004-E,PXAT,20,600.18,230,28-Feb-15,13487,28-Feb-15
1035,300079,PRO INNOVATIVE TECHNOLOGIES PVT LTD,1101400500,5-Feb-15,104-PCA000004-E,PXAT,10,600.18,231,2-Mar-15,6842,2-Mar-15
1035,300079,PRO INNOVATIVE TECHNOLOGIES PVT LTD,1101400497,5-Feb-15,104-PCA000001-E,Cap panel,60,112.57,232,2-Mar-15,7700,2-Mar-15
1035,300079,PRO INNOVATIVE TECHNOLOGIES PVT LTD,1101400500,5-Feb-15,104-PCA000004-E,PXAT,4,600.18,233,3-Mar-15,2737,3-Mar-15
1035,300079,PRO INNOVATIVE TECHNOLOGIES PVT LTD,1101400497,5-Feb-15,104-PCA000001-E,Cap panel,80,112.57,234,3-Mar-15,10267,3-Mar-15
1035,300079,PRO INNOVATIVE TECHNOLOGIES PVT LTD,1101400499,5-Feb-15,104-PCA000003-E,P02,40,298.16,235,3-Mar-15,13596,3-Mar-15
1035,300079,PRO INNOVATIVE TECHNOLOGIES PVT LTD,1101400457,31-Dec-14,115-PCA000084-E ,Elan 01,1,3255.84,238,4-Mar-15,3712,4-Mar-15
1035,300079,PRO INNOVATIVE TECHNOLOGIES PVT LTD,1101400497,5-Feb-15,104-PCA000001-E,Cap panel,110,112.57,237,4-Mar-15,14117,4-Mar-15
1035,300079,PRO INNOVATIVE TECHNOLOGIES PVT LTD,1101400499,5-Feb-15,104-PCA000003-E,P02,20,298.16,236,4-Mar-15,6798,4-Mar-15
1035,300079,PRO INNOVATIVE TECHNOLOGIES PVT LTD,1101400497,5-Feb-15,104-PCA000001-E,Cap panel,117,112.57,241,5-Mar-15,15015,5-Mar-15
1035,300079,PRO INNOVATIVE TECHNOLOGIES PVT LTD,1101400500,5-Feb-15,104-PCA000004-E,PXAT,7,600.18,240,5-Mar-15,4789,5-Mar-15
1035,300079,PRO INNOVATIVE TECHNOLOGIES PVT LTD,1101400499,5-Feb-15,104-PCA000003-E,P02,8,298.16,242,6-Mar-15,2719,6-Mar-15
1035,300079,PRO INNOVATIVE TECHNOLOGIES PVT LTD,1101400497,5-Feb-15,104-PCA000001-E,Cap panel,54,112.57,243,6-Mar-15,6930,6-Mar-15
1035,300079,PRO INNOVATIVE TECHNOLOGIES PVT LTD,1101400500,5-Feb-15,104-PCA000004-E,PXAT,3,600.18,244,6-Mar-15,2053,6-Mar-15
1035,300079,PRO INNOVATIVE TECHNOLOGIES PVT LTD,1101400602,9-Mar-15,130-PCA000207-E,Elan04,2,7934.49,249,7-Mar-15,18091,7-Mar-15
1035,300079,PRO INNOVATIVE TECHNOLOGIES PVT LTD,1101400499,5-Feb-15,104-PCA000003-E,P02,3,298.16,245,7-Mar-15,1019,7-Mar-15
1035,300079,PRO INNOVATIVE TECHNOLOGIES PVT LTD,1101400500,5-Feb-15,104-PCA000004-E,PXAT,1,600.18,246,7-Mar-15,684,7-Mar-15
1035,300079,PRO INNOVATIVE TECHNOLOGIES PVT LTD,1101400498,5-Feb-15,104-PCA000002-E,CDP,2,73.51,247,7-Mar-15,247,7-Mar-15
1035,300079,PRO INNOVATIVE TECHNOLOGIES PVT LTD,1101400472,16-Jan-15,115-PCA000037-E,PSM02,1,898.43,248,7-Mar-15,1024,7-Mar-15
1035,300079,PRO INNOVATIVE TECHNOLOGIES PVT LTD,1101400425,28-Nov-14,170-PCA000002-E,FTU,6,567.45,250,7-Mar-15,3882,7-Mar-15
1035,300079,PRO INNOVATIVE TECHNOLOGIES PVT LTD,1101400602,9-Mar-15,130-PCA000207-E,Elan04,8,7934.49,252,9-Mar-15,71321,9-Mar-15
1035,300079,PRO INNOVATIVE TECHNOLOGIES PVT LTD,1101400499,5-Feb-15,104-PCA000003-E,P02,7,298.16,253,9-Mar-15,2345,9-Mar-15
1035,300079,PRO INNOVATIVE TECHNOLOGIES PVT LTD,1101400497,5-Feb-15,104-PCA000001-E,Cap panel,34,112.57,254,9-Mar-15,4300,9-Mar-15
1035,300079,PRO INNOVATIVE TECHNOLOGIES PVT LTD,1101400497,5-Feb-15,104-PCA000001-E,Cap panel,67,112.57,256,12-Mar-15,8474,12-Mar-15
1035,300079,PRO INNOVATIVE TECHNOLOGIES PVT LTD,1101400457,31-Dec-14,115-PCA000084-E ,Elan 01,7,3255.84,128,31-Dec-14,25608,12-Mar-15
1035,300079,PRO INNOVATIVE TECHNOLOGIES PVT LTD,1101400497,5-Feb-15,104-PCA000001-E,Cap panel,3,112.57,258,13-Mar-15,380,13-Mar-15
1035,300079,PRO INNOVATIVE TECHNOLOGIES PVT LTD,1101400500,5-Feb-15,104-PCA000004-E,PXAT,1,600.18,259,13-Mar-15,674,13-Mar-15
1035,300079,PRO INNOVATIVE TECHNOLOGIES PVT LTD,1101400466,9-Jan-15,115-PCA000039-E,A162,1,1091.28,260,13-Mar-15,1226,13-Mar-15
1035,300079,PRO INNOVATIVE TECHNOLOGIES PVT LTD,1101400602,9-Mar-15,130-PCA000207-E,Elan04,1,7934.49,261,13-Mar-15,8915,13-Mar-15
1035,300079,PRO INNOVATIVE TECHNOLOGIES PVT LTD,1101400457,31-Dec-14,115-PCA000084-E ,Elan 01,3,3255.84,262,13-Mar-15,10975,13-Mar-15
1035,300079,PRO INNOVATIVE TECHNOLOGIES PVT LTD,1101400472,16-Jan-15,115-PCA000037-E,PSM02,5,898.43,263,13-Mar-15,5047,13-Mar-15
1035,300079,PRO INNOVATIVE TECHNOLOGIES PVT LTD,1101400499,5-Feb-15,104-PCA000003-E,P02,2,298.16,264,13-Mar-15,670,13-Mar-15
1035,300079,PRO INNOVATIVE TECHNOLOGIES PVT LTD,1101400472,16-Jan-15,115-PCA000037-E,PSM02,4,898.43,267,14-Mar-15,4038,14-Mar-15
1035,300079,PRO INNOVATIVE TECHNOLOGIES PVT LTD,1101400457,31-Dec-14,115-PCA000084-E ,Elan 01,5,3255.84,268,14-Mar-15,18291,14-Mar-15
1035,300079,PRO INNOVATIVE TECHNOLOGIES PVT LTD,1101400628,13-Mar-15,170-PCA000084-E,PFU3,25,717.96,269,14-Mar-15,20168,14-Mar-15
1035,300079,PRO INNOVATIVE TECHNOLOGIES PVT LTD,1101400457,31-Dec-14,115-PCA000084-E ,Elan 01,3,3255.84,270,14-Mar-15,10975,14-Mar-15
1035,300079,PRO INNOVATIVE TECHNOLOGIES PVT LTD,1101400628,13-Mar-15,170-PCA000084-E,PFU3,40,717.96,271,15-Mar-15,32267,15-Mar-15
1035,300079,PRO INNOVATIVE TECHNOLOGIES PVT LTD,1101400626,13-Mar-15,170-PCA000002-E,FTU,30,567.45,272,15-Mar-15,19128,15-Mar-15
1035,300079,PRO INNOVATIVE TECHNOLOGIES PVT LTD,1101400626,13-Mar-15,170-PCA000002-E,FTU,50,567.45,274,16-Mar-15,31880,16-Mar-15
1035,300079,PRO INNOVATIVE TECHNOLOGIES PVT LTD,1101400628,13-Mar-15,170-PCA000084-E,PFU3,60,717.96,275,16-Mar-15,48402,16-Mar-15
1035,300079,PRO INNOVATIVE TECHNOLOGIES PVT LTD,1101400628,13-Mar-15,170-PCA000084-E,PFU3,48,717.96,277,17-Mar-15,38721,17-Mar-15
1035,300079,PRO INNOVATIVE TECHNOLOGIES PVT LTD,1101400626,13-Mar-15,170-PCA000002-E,FTU,41,567.45,278,17-Mar-15,26141,17-Mar-15
1035,300079,PRO INNOVATIVE TECHNOLOGIES PVT LTD,1101400472,16-Jan-15,115-PCA000037-E,PSM02,3,898.43,279,17-Mar-15,3027,17-Mar-15
1035,300079,PRO INNOVATIVE TECHNOLOGIES PVT LTD,1101400472,16-Jan-15,115-PCA000037-E,PSM02,1,898.43,280,17-Mar-15,1009,17-Mar-15
1035,300079,PRO INNOVATIVE TECHNOLOGIES PVT LTD,1101400472,16-Jan-15,115-PCA000037-E,PSM02,1,898.43,283,18-Mar-15,1009,18-Mar-15
1035,300079,PRO INNOVATIVE TECHNOLOGIES PVT LTD,1101400602,9-Mar-15,130-PCA000207-E,Elan04,1,7934.49,284,18-Mar-15,8915,18-Mar-15
1035,300079,PRO INNOVATIVE TECHNOLOGIES PVT LTD,1101400457,31-Dec-14,115-PCA000084-E ,Elan 01,2,3255.84,285,18-Mar-15,7317,18-Mar-15
1035,300079,PRO INNOVATIVE TECHNOLOGIES PVT LTD,1101400628,13-Mar-15,170-PCA000084-E,PFU3,7,717.96,286,18-Mar-15,5647,18-Mar-15
1035,300079,PRO INNOVATIVE TECHNOLOGIES PVT LTD,1101400433,5-Dec-14,170-PCA000003-E,OAM,1,921.72,287,18-Mar-15,1036,18-Mar-15
1035,300079,PRO INNOVATIVE TECHNOLOGIES PVT LTD,1101400627,13-Mar-15,170-PCA000003-E,OAM,10,921.72,288,18-Mar-15,10356,18-Mar-15
1035,300079,PRO INNOVATIVE TECHNOLOGIES PVT LTD,1101400602,9-Mar-15,130-PCA000207-E,Elan04,3,7934.49,291,19-Mar-15,26745,19-Mar-15
1035,300079,PRO INNOVATIVE TECHNOLOGIES PVT LTD,1101400627,5-Dec-14,170-PCA000003-E,OAM,22,921.72,292,19-Mar-15,22784,19-Mar-15
1035,300079,PRO INNOVATIVE TECHNOLOGIES PVT LTD,1101400628,13-Mar-15,170-PCA000084-E,PFU3,7,717.96,293,18-Mar-15,5647,18-Mar-15
1035,300079,PRO INNOVATIVE TECHNOLOGIES PVT LTD,1101400457,31-Dec-14,115-PCA000084-E ,Elan 01,1,3255.84,294,19-Mar-15,3659,19-Mar-15
1035,300079,PRO INNOVATIVE TECHNOLOGIES PVT LTD,1101400472,16-Jan-15,115-PCA000037-E,PSM02,1,898.43,295,19-Mar-15,1009,19-Mar-15
1035,300079,PRO INNOVATIVE TECHNOLOGIES PVT LTD,1101400627,5-Dec-14,170-PCA000003-E,OAM,22,921.72,298,20-Mar-15,22784,20-Mar-15
1035,300079,PRO INNOVATIVE TECHNOLOGIES PVT LTD,1101400627,13-Mar-15,170-PCA000003-E,OAM,15,921.72,301,23-Mar-15,15535,23-Mar-15
1035,300079,PRO INNOVATIVE TECHNOLOGIES PVT LTD,1101400497,5-Feb-15,104-PCA000001-E,Cap panel,5,112.57,306,25-Mar-15,633,25-Mar-15
1035,300079,PRO INNOVATIVE TECHNOLOGIES PVT LTD,1101400457,31-Dec-14,115-PCA000084-E ,Elan 01,1,3255.84,307,25-Mar-15,3659,25-Mar-15
1035,300079,PRO INNOVATIVE TECHNOLOGIES PVT LTD,1101400627,13-Mar-15,170-PCA000003-E,OAM,6,921.72,303,25-Mar-15,6214,25-Mar-15
1035,300079,PRO INNOVATIVE TECHNOLOGIES PVT LTD,1101400644,25-Mar-15,170-PCA000002-E,FTU,1,567.45,304,25-Mar-15,637,25-Mar-15
1035,300079,PRO INNOVATIVE TECHNOLOGIES PVT LTD,1101400472,16-Jan-15,115-PCA000037-E,PSM02,11,898.43,309,26-Mar-15,11105,26-Mar-15
1035,300079,PRO INNOVATIVE TECHNOLOGIES PVT LTD,1101400500,5-Feb-15,104-PCA000004-E,PXAT,7,600.18,310,26-Mar-15,4720,26-Mar-15
1035,300079,PRO INNOVATIVE TECHNOLOGIES PVT LTD,1101400497,5-Feb-15,104-PCA000001-E,Cap panel,5,112.57,311,26-Mar-15,633,26-Mar-15
1035,300079,PRO INNOVATIVE TECHNOLOGIES PVT LTD,1101400627,13-Mar-15,170-PCA000003-E,OAM,4,921.72,312,26-Mar-15,4142,26-Mar-15
1035,300079,PRO INNOVATIVE TECHNOLOGIES PVT LTD,1101400518,16-Feb-15,141-PCA000024-E,Elan10,1,1852,317,27-Mar-15,2080,27-Mar-15
1035,300079,PRO INNOVATIVE TECHNOLOGIES PVT LTD,1101400457,31-Dec-14,115-PCA000084-E ,Elan 01,1,3255.84,318,27-Mar-15,3659,27-Mar-15
1035,300079,PRO INNOVATIVE TECHNOLOGIES PVT LTD,1101400500,5-Feb-15,104-PCA000004-E,PXAT,3,600.18,319,27-Mar-15,2023,27-Mar-15
1035,300079,PRO INNOVATIVE TECHNOLOGIES PVT LTD,1101400497,5-Feb-15,104-PCA000001-E,Cap panel,10,112.57,319,27-Mar-15,1265,27-Mar-15
1035,300079,PRO INNOVATIVE TECHNOLOGIES PVT LTD,1101400497,5-Feb-15,104-PCA000001-E,Cap panel,35,112.57,321,28-Mar-15,4427,28-Mar-15
1035,300079,PRO INNOVATIVE TECHNOLOGIES PVT LTD,1101400500,5-Feb-15,104-PCA000004-E,PXAT,1,600.18,322,28-Mar-15,674,28-Mar-15
1035,300079,PRO INNOVATIVE TECHNOLOGIES PVT LTD,1101400518,16-Feb-15,141-PCA000024-E,Elan10,3,1852.22,323,28-Mar-15,6244,28-Mar-15
1035,300079,PRO INNOVATIVE TECHNOLOGIES PVT LTD,1101400628,13-Mar-15,170-PCA000084-E,PFU3,4,717.96,325,28-Mar-15,3227,28-Mar-15
1035,300079,PRO INNOVATIVE TECHNOLOGIES PVT LTD,1101400518,16-Feb-15,141-PCA000024-E,Elan10,4,1852.22,329,30-Mar-15,8325,30-Mar-15
1035,300079,PRO INNOVATIVE TECHNOLOGIES PVT LTD,1101400628,13-Mar-15,170-PCA000084-E,PFU3,1,717.96,331,30-Mar-15,807,30-Mar-15
1035,300079,PRO INNOVATIVE TECHNOLOGIES PVT LTD,1101400499,5-Feb-15,104-PCA000003-E,P02,1,298.16,332,30-Mar-15,335,30-Mar-15
1035,300079,PRO INNOVATIVE TECHNOLOGIES PVT LTD,1101400500,5-Feb-15,104-PCA000004-E,PXAT,1,600.18,333,30-Mar-15,674,30-Mar-15
1035,300079,PRO INNOVATIVE TECHNOLOGIES PVT LTD,1101400472,16-Jan-15,115-PCA000037-E,PSM02,5,898.43,326,30-Mar-15,5047,15-Apr-15
1035,300079,PRO INNOVATIVE TECHNOLOGIES PVT LTD,1101400466,9-Jan-15,115-PCA000039-E,A162,5,1091.28,327,30-Mar-15,6131,15-Apr-15
1035,300079,PRO INNOVATIVE TECHNOLOGIES PVT LTD,1101400457,31-Dec-14,115-PCA000084-E ,Elan 01,6,3255.84,328,30-Mar-15,21949,12-May-15
1035,300079,PRO INNOVATIVE TECHNOLOGIES PVT LTD,1101400628,13-Mar-15,170-PCA000084-E,PFU3,4,717.96,330,30-Mar-15,3227,10-Apr-15
1035,300079,PRO INNOVATIVE TECHNOLOGIES PVT LTD,1101400518,16-Feb-15,141-PCA000024-E,Elan10,1,1852.22,334,30-Mar-15,2080,1-Apr-15
1035,300079,PRO INNOVATIVE TECHNOLOGIES PVT LTD,1101400518,16-Feb-15,141-PCA000024-E,Elan10,5,1852.22,336,30-Mar-15,10405,4-Apr-15
1035,300079,PRO INNOVATIVE TECHNOLOGIES PVT LTD,1101400472,16-Jan-15,115-PCA000037-E,PSM02,15,898.43,337,30-Mar-15,15141,3-Jun-15
1035,300079,PRO INNOVATIVE TECHNOLOGIES PVT LTD,1101400471,16-Jan-15,115-PCA000007-E,FTR,6,439.6,338,30-Mar-15,2964,10-Apr-15
1035,300079,PRO INNOVATIVE TECHNOLOGIES PVT LTD,1101400466,9-Jan-15,115-PCA000039-E,A162,3,1091.28,339,30-Mar-15,3679,14-Apr-15
1035,300079,PRO INNOVATIVE TECHNOLOGIES PVT LTD,1101400466,9-Jan-15,115-PCA000039-E,A162,16,1091.28,340,30-Mar-15,19618,31-Jul-15
1035,300079,PRO INNOVATIVE TECHNOLOGIES PVT LTD,1101400457,31-Dec-14,115-PCA000084-E ,Elan 01,9,3255.84,341,30-Mar-15,32924,14-May-15
1035,300079,PRO INNOVATIVE TECHNOLOGIES PVT LTD,1101400646,25-Mar-15,115-PCA000084-E ,Elan 01,10,3255.84,342,30-Mar-15,36582,18-May-15
1035,300079,PRO INNOVATIVE TECHNOLOGIES PVT LTD,1101400646,25-Mar-15,115-PCA000084-E ,Elan 01,10,3255.84,343,30-Mar-15,36582,22-May-15
1035,300079,PRO INNOVATIVE TECHNOLOGIES PVT LTD,1101400645,25-Mar-15,130-PCA000207-E,Elan04,6,7934.49,344,30-Mar-15,53491,19-May-15
1035,300079,PRO INNOVATIVE TECHNOLOGIES PVT LTD,1101400645,25-Mar-15,130-PCA000207-E,Elan04,10,7934.49,345,30-Mar-15,89151,28-Apr-15
1035,300079,PRO INNOVATIVE TECHNOLOGIES PVT LTD,1101400645,25-Mar-15,130-PCA000207-E,Elan04,5,7934.49,346,30-Mar-15,44576,28-Apr-15
1035,300079,PRO INNOVATIVE TECHNOLOGIES PVT LTD,1101400518,16-Feb-15,141-PCA000024-E,Elan10,10,1852.22,347,30-Mar-15,20811,9-Apr-15
1035,300079,PRO INNOVATIVE TECHNOLOGIES PVT LTD,1101400518,16-Feb-15,141-PCA000024-E,Elan10,7,1852.22,348,30-Mar-15,14569,8-Apr-15
1035,300079,PRO INNOVATIVE TECHNOLOGIES PVT LTD,1101400518,16-Feb-15,141-PCA000024-E,Elan10,15,1852.22,349,30-Mar-15,31217,11-Apr-15
1035,300079,PRO INNOVATIVE TECHNOLOGIES PVT LTD,1101400518,16-Feb-15,141-PCA000024-E,Elan10,15,1852.22,350,30-Mar-15,31217,15-Apr-15
1035,300079,PRO INNOVATIVE TECHNOLOGIES PVT LTD,1101400518,16-Feb-15,141-PCA000024-E,Elan10,20,1852.22,351,30-Mar-15,41622,18-May-15
1035,300079,PRO INNOVATIVE TECHNOLOGIES PVT LTD,1101400518,16-Feb-15,141-PCA000024-E,Elan10,20,1852.22,352,30-Mar-15,41622,
1035,300079,PRO INNOVATIVE TECHNOLOGIES PVT LTD,1101400626,13-Mar-15,170-PCA000002-E,FTU,14,567.45,353,30-Mar-15,8926,14-Apr-15
1035,300079,PRO INNOVATIVE TECHNOLOGIES PVT LTD,1101400644,25-Mar-15,170-PCA000002-E,FTU,25,567.45,354,30-Mar-15,15939,7-Apr-15
1035,300079,PRO INNOVATIVE TECHNOLOGIES PVT LTD,1101400644,25-Mar-15,170-PCA000002-E,FTU,25,567.45,355,30-Mar-15,15939,7-Apr-15
1035,300079,PRO INNOVATIVE TECHNOLOGIES PVT LTD,1101400627,13-Mar-15,170-PCA000003-E,OAM,16,921.72,356,30-Mar-15,16571,13-Apr-15
1035,300079,PRO INNOVATIVE TECHNOLOGIES PVT LTD,1101400627,13-Mar-15,170-PCA000003-E,OAM,12,921.72,357,30-Mar-15,12428,22-May-15
1035,300079,PRO INNOVATIVE TECHNOLOGIES PVT LTD,1101400627,13-Mar-15,170-PCA000003-E,OAM,20,921.72,358,30-Mar-15,20712,13-Apr-15
1035,300079,PRO INNOVATIVE TECHNOLOGIES PVT LTD,1101400627,13-Mar-15,170-PCA000003-E,OAM,12,921.72,359,30-Mar-15,12428,27-May-15
1035,300079,PRO INNOVATIVE TECHNOLOGIES PVT LTD,1101400643,25-Mar-15,170-PCA000084-E,PFU3,8,717.96,360,30-Mar-15,6454,10-Apr-15
1035,300079,PRO INNOVATIVE TECHNOLOGIES PVT LTD,1101400643,25-Mar-15,170-PCA000084-E,PFU3,16,717.96,361,30-Mar-15,12907,4-Apr-15
1035,300079,PRO INNOVATIVE TECHNOLOGIES PVT LTD,1101400643,25-Mar-15,170-PCA000084-E,PFU3,20,717.96,362,30-Mar-15,16133,10-Apr-15
1035,300079,PRO INNOVATIVE TECHNOLOGIES PVT LTD,1101400643,25-Mar-15,170-PCA000084-E,PFU3,23,717.96,363,30-Mar-15,18555,11-Apr-15
1035,300079,PRO INNOVATIVE TECHNOLOGIES PVT LTD,1101400643,25-Mar-15,170-PCA000084-E,PFU3,20,717.96,364,30-Mar-15,16133,11-Apr-15
1035,300079,PRO INNOVATIVE TECHNOLOGIES PVT LTD,1101400651,30-Mar-15,140-SKU000004-P,SKU,3,2809.59,366,31-Mar-15,9470,7-May-15
1035,300079,PRO INNOVATIVE TECHNOLOGIES PVT LTD,1101400651,30-Mar-15,140-SKU000004-P,SKU,3,2809.59,367,31-Mar-15,9470,7-May-15
1035,300079,PRO INNOVATIVE TECHNOLOGIES PVT LTD,1101400518,16-Feb-15,141-PCA000024-E,Elan10,5,1852.22,368,31-Mar-15,10405,1-Apr-15
1035,300079,PRO INNOVATIVE TECHNOLOGIES PVT LTD,1101400497,5-Feb-15,104-PCA000001-E,Cap panel,3,112.57,370,31-Mar-15,380,1-Apr-15
1035,300079,PRO INNOVATIVE TECHNOLOGIES PVT LTD,1101400498,5-Feb-15,104-PCA000002-E,CDP,9,73.51,371,31-Mar-15,744,1-Apr-15
1035,300079,PRO INNOVATIVE TECHNOLOGIES PVT LTD,1101400497,5-Feb-15,104-PCA000001-E,Cap panel,4,112.57,372,31-Mar-15,506,4-Apr-15
1035,300079,PRO INNOVATIVE TECHNOLOGIES PVT LTD,1101400497,5-Feb-15,104-PCA000001-E,Cap panel,5,112.57,3,7-Apr-15,633,7-Apr-15
1035,300079,PRO INNOVATIVE TECHNOLOGIES PVT LTD,1101400643,25-Mar-15,170-PCA000084-E,PFU3,28,717.96,4,11-Apr-15,22587,11-Apr-15
1035,300079,PRO INNOVATIVE TECHNOLOGIES PVT LTD,1101400643,25-Mar-15,170-PCA000084-E,PFU3,7,717.96,4,13-Apr-15,5647,13-Apr-15
1035,300079,PRO INNOVATIVE TECHNOLOGIES PVT LTD,1101400643,25-Mar-15,170-PCA000084-E,PFU3,3,717.96,7,14-Apr-15,2420,14-Apr-15
1035,300079,PRO INNOVATIVE TECHNOLOGIES PVT LTD,1101400499,5-Feb-15,104-PCA000003-E,P02,3,298.16,8,14-Apr-15,1004,14-Apr-15
1035,300079,PRO INNOVATIVE TECHNOLOGIES PVT LTD,1101400644,25-Mar-15,170-PCA000002-E,FTU,1,567.45,9,14-Apr-15,637,14-Apr-15
1035,300079,PRO INNOVATIVE TECHNOLOGIES PVT LTD,1101400628,13-Mar-15,170-PCA000084-E,PFU3,9,717.96,12,16-Apr-15,7261,16-Apr-15
1035,300079,PRO INNOVATIVE TECHNOLOGIES PVT LTD,1101400459,31-Dec-14,141-PCA000002-E,ST63,1,1046.61,11,16-Apr-15,1177,16-Apr-15
1035,300079,PRO INNOVATIVE TECHNOLOGIES PVT LTD,1101400459,31-Dec-14,141-PCA000002-E,ST63,5,1046.61,13,17-Apr-15,5880,17-Apr-15
1035,300079,PRO INNOVATIVE TECHNOLOGIES PVT LTD,1101400626,13-Mar-15,170-PCA000002-E,FTU,3,567.45,14,17-Apr-15,1912,17-Apr-15
1035,300079,PRO INNOVATIVE TECHNOLOGIES PVT LTD,1101400448,24-Dec-14,104-PCA000001-E,Cap panel,3,111.21,15,17-Apr-15,375,17-Apr-15
1035,300079,PRO INNOVATIVE TECHNOLOGIES PVT LTD,1101400433,5-Dec-14,170-PCA000003-E,OAM,1,921.72,16,21-Apr-15,1036,21-Apr-15
1035,300079,PRO INNOVATIVE TECHNOLOGIES PVT LTD,1101400434,8-Dec-14,170-PCA000084-E,PFU3,2,717.96,17,21-Apr-15,1613,21-Apr-15
1035,300079,PRO INNOVATIVE TECHNOLOGIES PVT LTD,1101400499,5-Feb-15,104-PCA000003-E,P02,11,298.16,18,21-Apr-15,3686,21-Apr-15
1035,300079,PRO INNOVATIVE TECHNOLOGIES PVT LTD,1101400500,5-Feb-15,104-PCA000004-E,PXAT,1,600.18,19,21-Apr-15,674,21-Apr-15
1035,300079,PRO INNOVATIVE TECHNOLOGIES PVT LTD,1101400644,25-Mar-15,170-PCA000002-E,FTU,1,567.45,20,21-Apr-15,637,21-Apr-15
1035,300079,PRO INNOVATIVE TECHNOLOGIES PVT LTD,1101400498,5-Feb-15,104-PCA000002-E,CDP,1,73.51,21,22-Apr-15,83,22-Apr-15
1035,300079,PRO INNOVATIVE TECHNOLOGIES PVT LTD,1101400499,5-Feb-15,104-PCA000003-E,P02,14,298.16,22,22-Apr-15,4690,22-Apr-15
1035,300079,PRO INNOVATIVE TECHNOLOGIES PVT LTD,1101400500,5-Feb-15,104-PCA000004-E,PXAT,1,600.18,23,22-Apr-15,674,22-Apr-15
1035,300079,PRO INNOVATIVE TECHNOLOGIES PVT LTD,1101400434,8-Dec-14,170-PCA000084-E,PFU3,1,717.96,24,22-Apr-15,807,22-Apr-15
1035,300079,PRO INNOVATIVE TECHNOLOGIES PVT LTD,1101400497,5-Feb-15,104-PCA000001-E,Cap panel,2,112.57,25,22-Apr-15,253,22-Apr-15
1035,300079,PRO INNOVATIVE TECHNOLOGIES PVT LTD,1101400498,5-Feb-15,104-PCA000002-E,CDP,2,73.51,26,24-Apr-15,165,24-Apr-15
1035,300079,PRO INNOVATIVE TECHNOLOGIES PVT LTD,1101400644,25-Mar-15,170-PCA000002-E,FTU,5,567.45,27,24-Apr-15,3187,24-Apr-15
1035,300079,PRO INNOVATIVE TECHNOLOGIES PVT LTD,1101400644,25-Mar-15,170-PCA000002-E,FTU,2,567.45,28,27-Apr-15,1275,27-Apr-15
1035,300079,PRO INNOVATIVE TECHNOLOGIES PVT LTD,1101400434,8-Dec-14,170-PCA000084-E,PFU3,1,717.96,29,27-Apr-15,807,27-Apr-15
1035,300079,PRO INNOVATIVE TECHNOLOGIES PVT LTD,1101400497,5-Feb-15,104-PCA000001-E,Cap panel,1,112.57,30,4-May-15,127,4-May-15
1035,300079,PRO INNOVATIVE TECHNOLOGIES PVT LTD,1101400628,13-Mar-15,170-PCA000084-E,PFU3,3,717.96,31,4-May-15,2420,4-May-15
1035,300079,PRO INNOVATIVE TECHNOLOGIES PVT LTD,1101400651,30-Mar-15,140-SKU000004-P,SKU,3,2809.59,32,7-May-15,9470,7-May-15
1035,300079,PRO INNOVATIVE TECHNOLOGIES PVT LTD,1171400050,11-Mar-15,160-PCA000049-L,PROTO,6,3298.11,33,8-May-15,22236,9-May-15
1035,300079,PRO INNOVATIVE TECHNOLOGIES PVT LTD,1101400651,30-Mar-15,140-SKU000004-P,SKU,4,2809.59,34,8-May-15,12627,9-May-15
1035,300079,PRO INNOVATIVE TECHNOLOGIES PVT LTD,1101400651,30-Mar-15,140-SKU000004-P,SKU,1,2809.59,35,11-May-15,3157,11-May-15
1035,300079,PRO INNOVATIVE TECHNOLOGIES PVT LTD,1101400500,5-Feb-15,104-PCA000004-E,PXAT,3,600.18,36,11-May-15,2023,11-May-15
1035,300079,PRO INNOVATIVE TECHNOLOGIES PVT LTD,1101500030,5-May-15,104-PCA000025-E,CAP panel NEW,135,116.16,37,5-May-15,17621,11-May-15
1035,300079,PRO INNOVATIVE TECHNOLOGIES PVT LTD,1101500030,5-May-15,104-PCA000025-E,CAP panel NEW,5,116.16,39,13-May-15,653,13-May-15
1035,300079,PRO INNOVATIVE TECHNOLOGIES PVT LTD,1101400459,31-Dec-14,141-PCA000002-E,ST63,1,1046.61,40,13-May-15,1177,13-May-15
1035,300079,PRO INNOVATIVE TECHNOLOGIES PVT LTD,1101500042,15-May-15,103-PCA000027-E,PSU,80,442.23,41,15-May-15,39750,15-May-15
1035,300079,PRO INNOVATIVE TECHNOLOGIES PVT LTD,1101400645,25-Mar-15,130-PCA000207-E,Elan04,2,7934.49,42,18-May-15,17830,18-May-15
1035,300079,PRO INNOVATIVE TECHNOLOGIES PVT LTD,1101500047,15-May-15,170-PCA000002-E,FTU,19,567.45,43,19-May-15,12115,19-May-15
1035,300079,PRO INNOVATIVE TECHNOLOGIES PVT LTD,1101500042,15-May-15,103-PCA000027-E,PSU,105,442.23,44,19-May-15,52173,19-May-15
1035,300079,PRO INNOVATIVE TECHNOLOGIES PVT LTD,1101400645,25-Mar-15,130-PCA000207-E,Elan04,1,7934.49,45,19-May-15,8915,19-May-15
1035,300079,PRO INNOVATIVE TECHNOLOGIES PVT LTD,1101500047,15-May-15,170-PCA000002-E,FTU,45,567.45,48,22-May-15,28691,22-May-15
1035,300079,PRO INNOVATIVE TECHNOLOGIES PVT LTD,1101400645,25-Mar-15,130-PCA000207-E,Elan04,1,7934.49,49,22-May-15,8915,22-May-15
1035,300079,PRO INNOVATIVE TECHNOLOGIES PVT LTD,1101400459,31-Dec-14,141-PCA000002-E,ST63,4,1046.61,50,22-May-15,4703,22-May-15
1035,300079,PRO INNOVATIVE TECHNOLOGIES PVT LTD,1101400457,31-Dec-14,115-PCA000084-E ,Elan 01,3,3255.84,51,22-May-15,10975,22-May-15
1035,300079,PRO INNOVATIVE TECHNOLOGIES PVT LTD,1101400628,13-Mar-15,170-PCA000084-E,PFU3,18,717.96,53,22-May-15,14521,22-May-15
1035,300079,PRO INNOVATIVE TECHNOLOGIES PVT LTD,1101500042,15-May-15,103-PCA000027-E,PSU,20,442.23,54,23-May-15,9938,23-May-15
1035,300079,PRO INNOVATIVE TECHNOLOGIES PVT LTD,1101500047,15-May-15,170-PCA000002-E,FTU,4,567.45,55,23-May-15,2550,23-May-15
1035,300079,PRO INNOVATIVE TECHNOLOGIES PVT LTD,1101500030,5-May-15,104-PCA000025-E,CAP panel NEW,9,116.16,56,23-May-15,1174,23-May-15
1035,300079,PRO INNOVATIVE TECHNOLOGIES PVT LTD,1101500049,15-May-15,170-PCA000084-E,PFU3,40,717.96,59,25-May-15,32267,25-May-15
1035,300079,PRO INNOVATIVE TECHNOLOGIES PVT LTD,1101500047,15-May-15,170-PCA000002-E,FTU,25,567.45,58,25-May-15,15939,25-May-15
1035,300079,PRO INNOVATIVE TECHNOLOGIES PVT LTD,1101500047,15-May-15,170-PCA000002-E,FTU,50,567.45,60,26-May-15,31880,26-May-15
1035,300079,PRO INNOVATIVE TECHNOLOGIES PVT LTD,1101500049,15-May-15,170-PCA000084-E,PFU3,40,717.96,61,26-May-15,32267,26-May-15
1035,300079,PRO INNOVATIVE TECHNOLOGIES PVT LTD,1101400628,13-Mar-15,170-PCA000084-E,PFU3,10,717.96,62,26-May-15,8068,26-May-15
1035,300079,PRO INNOVATIVE TECHNOLOGIES PVT LTD,1101500047,15-May-15,170-PCA000002-E,FTU,4,567.45,63,27-May-15,2550,27-May-15
1035,300079,PRO INNOVATIVE TECHNOLOGIES PVT LTD,1101500049,15-May-15,170-PCA000084-E,PFU3,60,717.96,64,27-May-15,48402,27-May-15
1035,300079,PRO INNOVATIVE TECHNOLOGIES PVT LTD,1101400433,5-Dec-14,170-PCA000003-E,OAM,5,921.72,65,27-May-15,5179,27-May-15
1035,300079,PRO INNOVATIVE TECHNOLOGIES PVT LTD,1101400643,25-Mar-15,170-PCA000084-E,PFU3,8,717.96,67,29-May-15,28234,29-May-15
1035,300079,PRO INNOVATIVE TECHNOLOGIES PVT LTD,1101500049,15-May-15,170-PCA000084-E,PFU3,27,717.96,67,29-May-15,28234,29-May-15
1035,300079,PRO INNOVATIVE TECHNOLOGIES PVT LTD,1101400498,5-Feb-15,104-PCA000002-E,CDP,5,73.51,66,29-May-15,1652,29-May-15
1035,300079,PRO INNOVATIVE TECHNOLOGIES PVT LTD,1101500043,15-May-15,104-PCA000002-E,CDP,15,73.51,66,29-May-15,1652,29-May-15
1035,300079,PRO INNOVATIVE TECHNOLOGIES PVT LTD,1101500042,15-May-15,103-PCA000027-E,PSU,50,442.23,68,29-May-15,24845,29-May-15
1035,300079,PRO INNOVATIVE TECHNOLOGIES PVT LTD,1101400499,5-Feb-15,104-PCA000003-E,P02,14,298.16,69,31-May-15,8376,31-May-15
1035,300079,PRO INNOVATIVE TECHNOLOGIES PVT LTD,1101500044,15-May-15,104-PCA000003-E,P02,11,298.16,69,31-May-15,8376,31-May-15
1035,300079,PRO INNOVATIVE TECHNOLOGIES PVT LTD,1101500049,15-May-15,170-PCA000084-E,PFU3,8,717.96,70,31-May-15,6454,1-Jun-15
1035,300079,PRO INNOVATIVE TECHNOLOGIES PVT LTD,1101500042,15-May-15,103-PCA000027-E,PSU,6,442.23,71,31-May-15,2980,1-Jun-15
1035,300079,PRO INNOVATIVE TECHNOLOGIES PVT LTD,1101400644,25-Mar-15,170-PCA000002-E,FTU,4,567.45,72,31-May-15,3187,1-Jun-15
1035,300079,PRO INNOVATIVE TECHNOLOGIES PVT LTD,1101500044,15-May-15,104-PCA000003-E,P02,40,298.16,73,31-May-15,13400,1-Jun-15
1035,300079,PRO INNOVATIVE TECHNOLOGIES PVT LTD,1101500044,15-May-15,104-PCA000003-E,P02,15,298.16,74,2-Jun-15,5098,2-Jun-15
1035,300079,PRO INNOVATIVE TECHNOLOGIES PVT LTD,1101500049,15-May-15,170-PCA000084-E,PFU3,17,717.96,75,2-Jun-15,13914,2-Jun-15
1035,300079,PRO INNOVATIVE TECHNOLOGIES PVT LTD,1101400433,5-Dec-14,170-PCA000003-E,OAM,1,921.72,77,3-Jun-15,1051,3-Jun-15
1035,300079,PRO INNOVATIVE TECHNOLOGIES PVT LTD,1101500049,15-May-15,170-PCA000084-E,PFU3,20,717.96,78,3-Jun-15,16369,3-Jun-15
1035,300079,PRO INNOVATIVE TECHNOLOGIES PVT LTD,1101500045,15-May-15,115-PCA000037-E,PSM02,1,898.43,79,3-Jun-15,1024,3-Jun-15
1035,300079,PRO INNOVATIVE TECHNOLOGIES PVT LTD,1101500044,15-May-15,104-PCA000003-E,P02,35,298.16,80,3-Jun-15,11897,3-Jun-15
1035,300079,PRO INNOVATIVE TECHNOLOGIES PVT LTD,1101500049,15-May-15,170-PCA000084-E,PFU3,29,717.96,82,5-Jun-15,23736,5-Jun-15
1035,300079,PRO INNOVATIVE TECHNOLOGIES PVT LTD,1101500044,15-May-15,104-PCA000003-E,P02,4,298.16,83,5-Jun-15,1360,5-Jun-15
1035,300079,PRO INNOVATIVE TECHNOLOGIES PVT LTD,1101500045,15-May-15,115-PCA000037-E,PSM02,6,898.43,81,5-Jun-15,6146,5-Jun-15
1035,300079,PRO INNOVATIVE TECHNOLOGIES PVT LTD,1101400627,13-Mar-15,170-PCA000003-E,OAM,11,921.72,84,6-Jun-15,26269,6-Jun-15
1035,300079,PRO INNOVATIVE TECHNOLOGIES PVT LTD,1101500048,15-May-15,170-PCA000003-E,OAM,14,921.72,84,6-Jun-15,26269,6-Jun-15
1035,300079,PRO INNOVATIVE TECHNOLOGIES PVT LTD,1101500048,15-May-15,170-PCA000003-E,OAM,50,921.72,86,10-Jun-15,52538,10-Jun-15
1035,300079,PRO INNOVATIVE TECHNOLOGIES PVT LTD,1101400497,5-Feb-15,104-PCA000001-E,Cap panel,8,112.57,90,11-Jun-15,1027,11-Jun-15
1035,300079,PRO INNOVATIVE TECHNOLOGIES PVT LTD,1101500044,15-May-15,104-PCA000003-E,P02,6,298.16,91,11-Jun-15,2039,11-Jun-15
1035,300079,PRO INNOVATIVE TECHNOLOGIES PVT LTD,1101500045,15-May-15,115-PCA000037-E,PSM02,3,898.43,92,11-Jun-15,3072,11-Jun-15
1035,300079,PRO INNOVATIVE TECHNOLOGIES PVT LTD,1101500048,15-May-15,170-PCA000003-E,OAM,20,921.72,93,11-Jun-15,21015,11-Jun-15
1035,300079,PRO INNOVATIVE TECHNOLOGIES PVT LTD,1101500045,15-May-15,115-PCA000037-E,PSM02,8,898.43,95,13-Jun-15,8193,13-Jun-15
1035,300079,PRO INNOVATIVE TECHNOLOGIES PVT LTD,1101500048,15-May-15,170-PCA000003-E,OAM,35,921.72,96,13-Jun-15,36776,13-Jun-15
1035,300079,PRO INNOVATIVE TECHNOLOGIES PVT LTD,1101500049,15-May-15,170-PCA000084-E,PFU3,4,717.96,97,13-Jun-15,3274,13-Jun-15
1035,300079,PRO INNOVATIVE TECHNOLOGIES PVT LTD,1101500048,15-May-15,170-PCA000003-E,OAM,6,921.72,98,15-Jun-15,6304,15-Jun-15
1035,300079,PRO INNOVATIVE TECHNOLOGIES PVT LTD,1101500090,15-Jun-15,130-PCA000205-E,DPU12,30,429.08,99,15-Jun-15,14674,15-Jun-15
1035,300079,PRO INNOVATIVE TECHNOLOGIES PVT LTD,1101500048,15-May-15,170-PCA000003-E,OAM,5,921.72,101,16-Jun-15,5254,16-Jun-15
1035,300079,PRO INNOVATIVE TECHNOLOGIES PVT LTD,1101500090,15-Jun-15,130-PCA000205-E,DPU12,40,429.08,102,16-Jun-15,19566,16-Jun-15
1035,300079,PRO INNOVATIVE TECHNOLOGIES PVT LTD,1101500048,15-May-15,170-PCA000003-E,OAM,16,921.72,105,18-Jun-15,16813,18-Jun-15
1035,300079,PRO INNOVATIVE TECHNOLOGIES PVT LTD,1101500090,15-Jun-15,130-PCA000205-E,DPU12,60,429.08,106,18-Jun-15,29349,18-Jun-15
1035,300079,PRO INNOVATIVE TECHNOLOGIES PVT LTD,1101500090,15-Jun-15,130-PCA000205-E,DPU12,20,429.08,107,19-Jun-15,9783,20-Jun-15
1035,300079,PRO INNOVATIVE TECHNOLOGIES PVT LTD,1101400646,25-Mar-15,115-PCA000084-E ,Elan 01,1,3255.84,108,19-Jun-15,3712,20-Jun-15
1035,300079,PRO INNOVATIVE TECHNOLOGIES PVT LTD,1101500045,15-May-15,115-PCA000037-E,PSM02,1,898.43,109,19-Jun-15,1024,20-Jun-15
1035,300079,PRO INNOVATIVE TECHNOLOGIES PVT LTD,1101500048,15-May-15,170-PCA000003-E,OAM,9,921.72,111,23-Jun-15,9456,23-Jun-15
1035,300079,PRO INNOVATIVE TECHNOLOGIES PVT LTD,1101500049,15-May-15,170-PCA000084-E,PFU3,9,717.96,112,23-Jun-15,7367,23-Jun-15
1035,300079,PRO INNOVATIVE TECHNOLOGIES PVT LTD,1101500042,15-May-15,103-PCA000027-E,PSU,2,442.23,113,23-Jun-15,1008,23-Jun-15
1035,300079,PRO INNOVATIVE TECHNOLOGIES PVT LTD,1101500090,15-Jun-15,130-PCA000205-E,DPU12,11,429.08,114,23-Jun-15,5381,23-Jun-15
1035,300079,PRO INNOVATIVE TECHNOLOGIES PVT LTD,1101500090,15-Jun-15,130-PCA000205-E,DPU12,28,429.08,116,26-Jun-15,13696,26-Jun-15
1035,300079,PRO INNOVATIVE TECHNOLOGIES PVT LTD,1101500048,15-May-15,170-PCA000003-E,OAM,10,921.72,117,26-Jun-15,10507,26-Jun-15
1035,300079,PRO INNOVATIVE TECHNOLOGIES PVT LTD,1101400459,31-Dec-14,141-PCA000002-E,ST63,1,1046.61,118,26-Jun-15,1194,26-Jun-15
1035,300079,PRO INNOVATIVE TECHNOLOGIES PVT LTD,1101500048,15-May-15,170-PCA000003-E,OAM,6,921.72,119,30-Jun-15,6304,30-Jun-15
1035,300079,PRO INNOVATIVE TECHNOLOGIES PVT LTD,1101500045,15-May-15,115-PCA000037-E,PSM02,5,898.43,120,30-Jun-15,5121,30-Jun-15
1035,300079,PRO INNOVATIVE TECHNOLOGIES PVT LTD,1101500090,15-Jun-15,130-PCA000205-E,DPU12,11,429.08,121,30-Jun-15,5381,30-Jun-15
1035,300079,PRO INNOVATIVE TECHNOLOGIES PVT LTD,1101500049,15-May-15,170-PCA000084-E,PFU3,4,717.96,122,30-Jun-15,3274,30-Jun-15
1035,300079,PRO INNOVATIVE TECHNOLOGIES PVT LTD,1101500090,15-Jun-15,130-PCA000205-E,DPU12,14,429.08,123,2-Jul-15,6848,2-Jul-15
1035,300079,PRO INNOVATIVE TECHNOLOGIES PVT LTD,1101500049,15-May-15,170-PCA000084-E,PFU3,5,717.96,124,2-Jul-15,4093,2-Jul-15
1035,300079,PRO INNOVATIVE TECHNOLOGIES PVT LTD,1101500045,15-May-15,115-PCA000037-E,PSM02,3,898.43,125,2-Jul-15,3072,2-Jul-15
1035,300079,PRO INNOVATIVE TECHNOLOGIES PVT LTD,1101500048,15-May-15,170-PCA000003-E,OAM,5,921.72,126,2-Jul-15,5254,2-Jul-15
1035,300079,PRO INNOVATIVE TECHNOLOGIES PVT LTD,1101500048,15-May-15,170-PCA000003-E,OAM,3,921.72,127,7-Jul-15,3152,7-Jul-15
1035,300079,PRO INNOVATIVE TECHNOLOGIES PVT LTD,1101500090,15-Jun-15,130-PCA000205-E,DPU12,34,429.08,128,7-Jul-15,16631,7-Jul-15
1035,300079,PRO INNOVATIVE TECHNOLOGIES PVT LTD,1101500043,15-May-15,104-PCA000002-E,CDP,20,73.51,129,7-Jul-15,1676,7-Jul-15
1035,300079,PRO INNOVATIVE TECHNOLOGIES PVT LTD,1101500047,15-May-15,170-PCA000002-E,FTU,3,567.45,130,7-Jul-15,1940,7-Jul-15
1035,300079,PRO INNOVATIVE TECHNOLOGIES PVT LTD,1101500047,15-May-15,170-PCA000002-E,FTU,3,567.45,132,9-Jul-15,1940,9-Jul-15
1035,300079,PRO INNOVATIVE TECHNOLOGIES PVT LTD,1101400651,30-Mar-15,140-SKU000004-P,SKU,3,2809.59,133,9-Jul-15,9609,9-Jul-15
1035,300079,PRO INNOVATIVE TECHNOLOGIES PVT LTD,1101500090,15-Jun-15,130-PCA000205-E,DPU12,10,429.08,134,9-Jul-15,4892,9-Jul-15
1035,300079,PRO INNOVATIVE TECHNOLOGIES PVT LTD,1101400459,31-Dec-14,141-PCA000002-E,ST63,2,1046.61,135,9-Jul-15,2386,9-Jul-15
1035,300079,PRO INNOVATIVE TECHNOLOGIES PVT LTD,1101500044,15-May-15,104-PCA000003-E,P02,4,298.16,136,9-Jul-15,1360,9-Jul-15
1035,300079,PRO INNOVATIVE TECHNOLOGIES PVT LTD,1101500125,7-Jul-15,001-PCA000062-E,BTB2,10,102.84,141,13-Jul-15,1172,13-Jul-15
1035,300079,PRO INNOVATIVE TECHNOLOGIES PVT LTD,1101500042,15-May-15,103-PCA000027-E,PSU,2,442.23,142,13-Jul-15,1008,13-Jul-15
1035,300079,PRO INNOVATIVE TECHNOLOGIES PVT LTD,1101500043,15-May-15,104-PCA000002-E,CDP,3,73.51,143,13-Jul-15,252,13-Jul-15
1035,300079,PRO INNOVATIVE TECHNOLOGIES PVT LTD,1101500125,7-Jul-15,001-PCA000062-E,BTB2,34,102.84,145,15-Jul-15,3987,15-Jul-15
1035,300079,PRO INNOVATIVE TECHNOLOGIES PVT LTD,1101500045,15-May-15,115-PCA000037-E,PSM02,6,898.43,146,15-Jul-15,6146,15-Jul-15
1035,300079,PRO INNOVATIVE TECHNOLOGIES PVT LTD,1101500045,15-May-15,115-PCA000037-E,PSM02,5,898.43,150,20-Jul-15,5121,20-Jul-15
1035,300079,PRO INNOVATIVE TECHNOLOGIES PVT LTD,1101500043,15-May-15,104-PCA000002-E,CDP,2,73.51,151,20-Jul-15,168,20-Jul-15
1035,300079,PRO INNOVATIVE TECHNOLOGIES PVT LTD,1101500044,15-May-15,104-PCA000003-E,P02,5,298.16,152,20-Jul-15,1700,20-Jul-15
1035,300079,PRO INNOVATIVE TECHNOLOGIES PVT LTD,1101500090,15-Jun-15,130-PCA000205-E,DPU12,16,429.08,153,20-Jul-15,7826,20-Jul-15
1035,300079,PRO INNOVATIVE TECHNOLOGIES PVT LTD,1101400651,30-Mar-15,140-SKU000004-P,SKU,2,2809.59,155,24-Jul-15,6406,24-Jul-15
1035,300079,PRO INNOVATIVE TECHNOLOGIES PVT LTD,1101500030,5-May-15,104-PCA000025-E,CAP panel NEW,2,116.16,156,24-Jul-15,265,24-Jul-15
1035,300079,PRO INNOVATIVE TECHNOLOGIES PVT LTD,1101500090,15-Jun-15,130-PCA000205-E,DPU12,2,429.08,157,24-Jul-15,978,24-Jul-15
1035,300079,PRO INNOVATIVE TECHNOLOGIES PVT LTD,1101500049,15-May-15,170-PCA000084-E,PFU3,3,717.96,158,24-Jul-15,2456,24-Jul-15
1035,300079,PRO INNOVATIVE TECHNOLOGIES PVT LTD,1101400646,25-Mar-15,115-PCA000084-E ,Elan 01,1,3255.84,159,24-Jul-15,3712,24-Jul-15
1035,300079,PRO INNOVATIVE TECHNOLOGIES PVT LTD,1101500042,15-May-15,103-PCA000027-E,PSU,2,442.23,160,24-Jul-15,1008,24-Jul-15
1035,300079,PRO INNOVATIVE TECHNOLOGIES PVT LTD,1101400448,24-Dec-14,104-PCA000001-E,Cap panel,1,111.21,161,24-Jul-15,127,24-Jul-15
1035,300079,PRO INNOVATIVE TECHNOLOGIES PVT LTD,1101500049,15-May-15,170-PCA000084-E,PFU3,4,717.96,169,31-Jul-15,3274,31-Jul-15
1035,300079,PRO INNOVATIVE TECHNOLOGIES PVT LTD,1101500090,15-Jun-15,130-PCA000205-E,DPU12,5,429.08,170,31-Jul-15,2445,31-Jul-15
1035,300079,PRO INNOVATIVE TECHNOLOGIES PVT LTD,1101500151,27-Jul-15,115-PCA000039-E,A162,2,1091.28,171,31-Jul-15,2489,31-Jul-15
1035,300079,PRO INNOVATIVE TECHNOLOGIES PVT LTD,1101500151,27-Jul-15,115-PCA000039-E,A162,5,1091.28,176,5-Aug-15,6220,5-Aug-15
1035,300079,PRO INNOVATIVE TECHNOLOGIES PVT LTD,1101500049,15-May-15,170-PCA000084-E,PFU3,9,717.96,177,5-Aug-15,7367,5-Aug-15
1035,300079,PRO INNOVATIVE TECHNOLOGIES PVT LTD,1101400651,30-Mar-15,140-SKU000004-P,SKU,1,2809.59,178,5-Aug-15,3203,5-Aug-15
1035,300079,PRO INNOVATIVE TECHNOLOGIES PVT LTD,1101500151,27-Jul-15,115-PCA000039-E,A162,4,1091.28,179,10-Aug-15,4976,10-Aug-15
1035,300079,PRO INNOVATIVE TECHNOLOGIES PVT LTD,1101400646,25-Mar-15,115-PCA000084-E ,Elan 01,1,3255.84,195,21-Sep-15,3712,21-Sep-15
1035,300079,PRO INNOVATIVE TECHNOLOGIES PVT LTD,1101500042,15-May-15,103-PCA000027-E,PSU,1,442.23,194,21-Sep-15,504,21-Sep-15
1035,300079,PRO INNOVATIVE TECHNOLOGIES PVT LTD,1101500030,5-May-15,104-PCA000025-E,CAP panel NEW,1,116.16,193,21-Sep-15,132,21-Sep-15
1035,300079,PRO INNOVATIVE TECHNOLOGIES PVT LTD,1101500044,15-May-15,104-PCA000003-E,P02,1,298.16,192,21-Sep-15,340,21-Sep-15
1035,300079,PRO INNOVATIVE TECHNOLOGIES PVT LTD,1101500151,27-Jul-15,115-PCA000039-E,A162,2,1091.28,191,21-Sep-15,2489,21-Sep-15
1035,300079,PRO INNOVATIVE TECHNOLOGIES PVT LTD,1101500048,15-May-15,170-PCA000003-E,OAM,1,921.72,190,21-Sep-15,1051,21-Sep-15
1035,300079,PRO INNOVATIVE TECHNOLOGIES PVT LTD,1101500125,7-Jul-15,001-PCA000062-E,BTB2,6,102.84,189,21-Sep-15,703,21-Sep-15
1035,300079,PRO INNOVATIVE TECHNOLOGIES PVT LTD,1101400645,25-Mar-15,130-PCA000207-E,Elan04,1,7934.49,196,21-Sep-15,9045,21-Sep-15
1035,300079,PRO INNOVATIVE TECHNOLOGIES PVT LTD,1101400646,25-Mar-15,115-PCA000084-E ,Elan 01,17,3255.84,197,25-Sep-15,63098,25-Sep-15
1035,300079,PRO INNOVATIVE TECHNOLOGIES PVT LTD,1101400645,25-Mar-15,130-PCA000207-E,Elan04,1,7934.49,198,25-Sep-15,99498,25-Sep-15
1035,300079,PRO INNOVATIVE TECHNOLOGIES PVT LTD,1101400602,9-Mar-15,130-PCA000207-E,Elan04,10,7934.49,198,25-Sep-15,99498,25-Sep-15
1035,300079,PRO INNOVATIVE TECHNOLOGIES PVT LTD,1101500377,12-Jan-16,170-PCA000084-E,PFU3,24,717.96,228,13-Jan-16,17231,13-Jan-16
1035,300079,PRO INNOVATIVE TECHNOLOGIES PVT LTD,1101500378,12-Jan-16,170-PCA000256-E,OFA,4,1200.29,229,13-Jan-16,4801,13-Jan-16
1035,300079,PRO INNOVATIVE TECHNOLOGIES PVT LTD,1101500383,12-Jan-16,104-PCA000025-E,CAP PANEL NEW,3,116.16,230,13-Jan-16,348,13-Jan-16
1035,300079,PRO INNOVATIVE TECHNOLOGIES PVT LTD,1101500380,12-Jan-16,104-PCA000001-E,Cap panel,2,112.57,231,13-Jan-16,225,13-Jan-16
1035,300079,PRO INNOVATIVE TECHNOLOGIES PVT LTD,1101500377,12-Jan-16,170-PCA000084-E,PFU3,7,717.96,232,14-Jan-16,5026,14-Jan-16
1035,300079,PRO INNOVATIVE TECHNOLOGIES PVT LTD,1101500388,12-Jan-16,130-PCA000205-E,DPU12,26,429.08,233,14-Jan-16,12774,14-Jan-16
1035,300079,PRO INNOVATIVE TECHNOLOGIES PVT LTD,1101500385,12-Jan-16,115-PCA000084-E ,Elan01,1,3255.84,235,19-Jan-16,3256,19-Jan-16
1035,300079,PRO INNOVATIVE TECHNOLOGIES PVT LTD,1101500376,12-Jan-16,170-PCA000003-E ,OAM,2,921.72,236,19-Jan-16,1843,19-Jan-16
1035,300079,PRO INNOVATIVE TECHNOLOGIES PVT LTD,1101500381,12-Jan-16,104-PCA000003-E ,P02,7,298.16,237,19-Jan-16,2087,19-Jan-16
1035,300079,PRO INNOVATIVE TECHNOLOGIES PVT LTD,1101500382,12-Jan-16,104-PCA000004-E ,PXAT,4,600.18,238,19-Jan-16,2401,19-Jan-16
1035,300079,PRO INNOVATIVE TECHNOLOGIES PVT LTD,1101500379,12-Jan-16,103-PCA000027-E ,PSU,2,442.23,239,19-Jan-16,884,19-Jan-16
1035,300079,PRO INNOVATIVE TECHNOLOGIES PVT LTD,1101500387,12-Jan-16,141-PCA000002-E ,ST63,3,1046.61,240,19-Jan-16,3140,19-Jan-16
1035,300079,PRO INNOVATIVE TECHNOLOGIES PVT LTD,1101500388,12-Jan-16,130-PCA000205-E ,DPU12,3,429.08,241,19-Jan-16,1287,19-Jan-16
1035,300079,PRO INNOVATIVE TECHNOLOGIES PVT LTD,1101500375,12-Jan-16,170-PCA000002-E,FTU,2,567.45,242,19-Jan-16,1135,19-Jan-16
1035,300079,PRO INNOVATIVE TECHNOLOGIES PVT LTD,1101500384,12-Jan-16,115-PCA000039-E,A162,3,1091.28,243,19-Jan-16,3274,19-Jan-16
1035,300079,PRO INNOVATIVE TECHNOLOGIES PVT LTD,1101500386,12-Jan-16,130-PCA000207-E,Elan04,3,7934.49,245,9-Feb-16,23803,9-Feb-16
1035,300079,PRO INNOVATIVE TECHNOLOGIES PVT LTD,1101500382,12-Jan-16,104-PCA000004-E,PXAT,1,600.18,246,9-Feb-16,600,9-Feb-16
